"DESCRIPTION","DURATION IN MS","NAME","PARENT SUITE","START TIME","STATUS","STOP TIME","SUB SUITE","SUITE","TEST CLASS","TEST METHOD"
"","1","test_user_login[case2]","tests.test_api","2026-10-03","passed","2026-10-03","TestUserApi","test_user_api","",""
"","84","test_user_login[case0]","tests.test_api","2026-10-03","passed","2026-10-03","TestUserApi","test_user_api","",""
"","7158","test_login[case3]","tests.test_ui","2026-10-03","passed","2026-10-03","TestUserUI","test_user_ui","",""
"","15130","test_login[case2]","tests.test_ui","2026-10-03","passed","2026-10-03","TestUserUI","test_user_ui","",""
"","260","test_user_login[case4]","tests.test_api","2026-10-03","passed","2026-10-03","TestUserApi","test_user_api","",""
"","3","test_user_login[case1]","tests.test_api","2026-10-03","passed","2026-10-03","TestUserApi","test_user_api","",""
"登录页视觉回归（严格阈值 1%）：同一页面二次确认。","1309","test_login_page_strict_visual","tests.test_ui","2026-10-03","passed","2026-10-03","","test_visual_regression","",""
"","25367","test_login[case0]","tests.test_ui","2026-10-03","passed","2026-10-03","TestUserUI","test_user_ui","",""
"登录页视觉回归：打开登录页，截图对比基线。","1324","test_login_page_visual","tests.test_ui","2026-10-03","passed","2026-10-03","","test_visual_regression","",""
"","15146","test_login[case1]","tests.test_ui","2026-10-03","passed","2026-10-03","TestUserUI","test_user_ui","",""
"","7162","test_login[case4]","tests.test_ui","2026-10-03","passed","2026-10-03","TestUserUI","test_user_ui","",""
"","266","test_user_login[case3]","tests.test_api","2026-10-03","passed","2026-10-03","TestUserApi","test_user_api","",""
